"Date","Max.PreDawnN_mgL.eric","Min.Nitrate_mgL.eric","NitrateChange_Perc.eric","Mean.Nitrate_mgL.eric","Mean.Discharge_m3s.eric","SumDiff_mgNL.eric","A.eric","UaNO3_gNm2day.eric","Max.PreDawnN_mgL.steve","Min.Nitrate_mgL.steve","NitrateChange_Perc.steve","Mean.Nitrate_mgL.steve","Mean.Discharge_m3s.steve","SumDiff_mgNL.steve","A.steve","UaNO3_gNm2day.steve","Max.PreDawnN_mgL.desoto","Min.Nitrate_mgL.desoto","NitrateChange_Perc.desoto","Mean.Nitrate_mgL.desoto","Mean.Discharge_m3s.desoto","SumDiff_mgNL.desoto","A.desoto","UaNO3_gNm2day.desoto","ReleaseStatus"
2018-02-20,2.78297,2.1390325,-23.1384995167034,4.09918058333333,57.2435991666667,-19.74315875,6537900,NA,0.679425,0.545859875,-19.6585531883578,0.68383759375,56.9005510416667,-0.0529511250000005,3515400,NA,0.86875,0.77625,-10.6474820143885,0.841770833333333,60.9165270833333,0.32375,4280170,0.39810500414119,"During"
2018-02-21,5.97165875,5.10136875,-14.5736726834902,5.97318333333333,58.4623944444444,-0.0137212500000041,6537900,NA,0.8078455,0.753728375,-6.69894490963928,0.786255125,58.6447386363636,0.237494125,3515400,0.342311051018049,0.9575,0.9475,-1.0443864229765,0.986477272727273,61.1578693181818,-0.31875,4280170,NA,"During"
2018-02-22,6.10024375,3.59073375,-41.1378643681246,4.47540020833333,59.2116072916667,19.4981225,6537900,NA,0.80646725,0.647021042553191,-19.7709463647542,0.710939945478723,59.2116072916667,1.14632765425532,3515400,1.66822495585483,1.01,0.8575,-15.0990099009901,0.955480769230769,60.6496951923077,0.70875,4280170,0.867709631812791,"During"
2018-02-23,4.4162825,3.466635,-21.5033232135852,3.80683955357143,66.0091379464286,8.53220125,6537900,NA,0.641998404255319,0.115984875,-81.9337751883456,0.526534560283688,67.3656891666667,1.73195765957447,3515400,NA,0.88125,0.815,-7.5177304964539,0.863645833333333,65.4796614583333,0.211250000000001,4280170,0.279226007597246,"During"
2018-02-24,3.77314875,3.25874125,-13.6333745124679,3.7541405,89.46338625,0.190082499999999,6537900,0.224730975343333,0.4604535,0.44301725,-3.78675588305876,0.456752458333333,89.7721180555556,0.0333093750000001,3515400,0.0734931648505506,0.85375,0.74375,-12.8843338213763,0.796979166666667,95.6842354166667,0.68125,4280170,1.31582953401968,"During"
2018-02-25,3.6805475,2.457355,-33.2339821724893,2.83692392857143,89.2636607142857,11.81073,6537900,13.9324310882538,0.4402515,0.39825475,-9.53926335287898,0.414965416666667,89.4029291666667,0.303433,3515400,0.666735459436662,0.80125,0.68875,-14.0405616224649,0.74375,98.627425,0.575,4280170,1.14477006146952,"During"
2018-02-26,2.78462875,2.261785,-18.7760666480226,2.644418125,86.3131375,1.40210625,6537900,1.5993123750382,0.399063125,0.342404875,-14.1978164482123,0.36878946875,86.6656229166667,0.363283875,3515400,0.773805795943606,0.7025,0.60375,-14.0569395017794,0.660625,94.2256270833333,0.5025,4280170,0.955779753012147,"During"
2018-02-27,2.70550125,2.314405,-14.4555930255068,2.50590479166667,83.0921177083333,2.3951575,6537900,2.6300825113091,0.3459325,0.28416275,-17.8560123723559,0.315394052083333,83.0921177083333,0.366461375,3515400,0.748388367608176,0.64375,0.555,-13.7864077669903,0.589166666666667,90.72585,0.655,4280170,1.19956854592224,"During"
2018-02-28,2.79211125,2.01723,-27.7525206060468,2.55791145833333,82.0066322916667,2.8103975,6537900,3.04573558024433,0.297043875,0.18999675,-36.0374793117683,0.272100211538462,81.6408730769231,0.324267625,3515400,0.650654181642527,0.575,0.48375,-15.8695652173913,0.542403846153846,89.8459365384615,0.423749999999999,4280170,0.768530088418485,"During"
2018-03-01,3.00168375,1.80097625,-40.0011326976068,2.2261821875,79.2413166666667,9.30601875,6537900,9.7452071517602,0.350430125,0.1968915,-43.8143338846796,0.255215796875,79.6660697916667,1.1425719375,3515400,2.23715430328417,0.56625,0.39125,-30.9050772626932,0.50325,84.07788875,0.63,4280170,1.06923968918057,"During"
2018-03-02,2.12196875,1.35997875,-35.9095768964552,2.0119655,72.1618241666667,1.65004875,6537900,1.57354710209752,0.198458375,0.1907805,-3.86875837313492,0.213748145833333,74.7253822916667,-0.18347725,3515400,NA,0.4575,0.415,-9.28961748633881,0.435535714285714,84.8353633928571,0.3075,4280170,0.526592620064491,"During"
2018-03-03,3.1504725,3.1504725,0,7.07928805555556,44.2528638888889,-35.35934,6537900,NA,0.340645125,0.300549625,-11.7704605342583,0.388065375,45.2877052083333,-0.569043,3515400,NA,0.45125,0.35,-22.4376731301939,0.415288461538462,52.9469826923077,0.4675,4280170,0.499661117410685,"During"
2018-03-04,8.33555625,6.41838625,-22.9999047754012,7.08286791666667,45.722778125,15.03226,6537900,9.08306366011224,0.488416,0.393570875,-19.4189225987683,0.446484840909091,46.0775420454545,0.46124275,3515400,0.522345492013176,0.4925,0.41625,-15.4822335025381,0.514895833333333,48.6134677083333,-0.26875,4280170,NA,"During"
2018-03-05,6.98761,5.33733069964029,-23.6172210578397,5.89644008580636,44.62698125,13.0940389703237,6537900,7.72229891732378,0.46878575,0.32373675,-30.9414268671776,0.415331270833333,44.5635645833333,0.64145375,3515400,0.702561366890233,0.4775,0.325,-31.9371727748691,0.434090909090909,48.6694943181818,0.4775,4280170,0.469118903592826,"During"
2018-03-06,5.25425049820144,4.3403682823741,-17.3931984426735,4.79730939028777,46.5663833333333,5.48329329496403,6537900,NA,0.407477,0.313167625,-23.1447112352354,0.384056517857143,48.4368928571429,0.32788675,3515400,0.390336476289445,0.40375,0.315,-21.9814241486068,0.362604166666667,48.4954760416667,0.49375,4280170,0.483349261346512,"During"
2018-03-07,4.25728808093525,3.34340586510791,-21.4662996361424,3.80034697302158,59.1703114583333,5.48329329496403,6537900,NA,0.391560125,0.168632625,-56.9331466016873,0.3554779,58.93964625,0.36082225,3515400,0.52268475020901,0.4075,0.2,-50.920245398773,0.2875,59.2284009615385,1.56,4280170,1.86512236551352,"During"
2018-03-08,3.26032566366906,2.34644344784173,-28.0303966567218,2.8033845557554,43.6484401041667,5.48329329496403,6537900,NA,0.54128575,0.366385875,-32.3119304360035,0.448325989583333,43.5990333333333,1.115517125,3515400,1.19534177122652,0.41375,0.3775,-8.76132930513595,0.458229166666667,45.4720479166667,-0.53375,4280170,NA,"During"
2018-03-09,2.26336324640288,1.34948103057554,-40.3771783994352,1.80642213848921,40.6581979166667,5.48329329496403,6537900,NA,0.43352275,0.140765411111111,-67.5298675534073,0.270337642807018,38.4553916666667,2.44777660789474,3515400,NA,0.435,0.2825,-35.0574712643678,0.380208333333333,42.3837583333333,0.6575,4280170,0.562532923552102,"During"
2018-03-10,1.26640082913669,0.309984,-75.5224417997802,0.720216449780054,31.1069483333333,8.19276569034956,6537900,NA,0.14428917251462,0.14428917251462,0,0.147470346003899,31.388875,-0.0381740818713452,3515400,NA,0.35125,0.35125,0,0.461527777777778,36.0842625,-0.9925,4280170,NA,"During"
2018-03-11,0.477515309815951,0.477515309815951,0,0.828084365030675,33.1852354166667,-4.20682866257669,6537900,NA,0.151043048538012,0.151043048538012,0,0.154273163157895,33.1793364583333,-0.0387613754385964,3515400,NA,0.515,0.41625,-19.1747572815534,0.4975,36.2573135416667,0.21,4280170,0.153697796325847,"During"
2018-03-12,1.24239324846626,1.24239324846626,0,1.59296230368098,40.5003822916667,-4.20682866257668,6537900,NA,0.158090571345029,0.158090571345029,0,0.161320685964912,40.913334375,-0.0387613754385965,3515400,NA,0.515,0.4334615,-15.8327184466019,0.489375,39.569778125,0.3075,4280170,0.24561871729978,"During"
2018-03-13,2.00727118711656,2.00727118711656,0,2.35784024233129,38.8131760416667,-4.20682866257669,6537900,NA,0.165138094152047,0.165138094152047,0,0.16836820877193,38.8131760416667,-0.0387613754385965,3515400,NA,0.3775,0.29375,-22.1854304635762,0.367708333333333,41.7584364583333,0.1175,4280170,0.0990455161652458,"During"
2018-03-14,2.77214912576687,2.77214912576687,0,5.15358600639059,39.6159833333333,-21.4329319256135,6537900,NA,0.172185616959064,0.172185616959064,0,0.175415731578947,39.8293458333333,-0.0387613754385966,3515400,NA,0.39625,0.33625,-15.1419558359621,0.377864583333333,41.3071479166667,0.220625,4280170,0.183963920495564,"During"
2018-03-15,7.846505,5.67930875,-27.6198925508873,7.37904375,40.6618432692308,6.07699625,6537900,3.26551361862885,0.179233139766082,0.179233139766082,0,0.182463254385965,40.71720625,-0.0387613754385964,3515400,NA,0.32125,0.24375,-24.124513618677,0.274375,42.2203508333333,0.703125,4280170,0.599248701132198,"During"
2018-03-16,7.33735,6.62795875,-9.66822149686194,7.00298829545455,42.0987215909091,3.67797875,6537900,2.04622597086663,0.186280662573099,0.186280662573099,0,0.189510777192982,41.4634677083333,-0.0387613754385965,3515400,NA,0.2825,0.2375,-15.929203539823,0.3253125,43.3335479166667,-0.51375,4280170,NA,"During"
2018-03-17,7.45871125,5.51865,-26.0106764422607,6.68036989583333,39.2674354166667,9.34009625000001,6537900,4.84684753679208,0.193328185380117,0.193328185380117,0,0.1965583,39.8411510416667,-0.0387613754385966,3515400,NA,0.395,0.26625,-32.5949367088608,0.316354166666667,43.0297208333333,0.94375,4280170,0.819743943990543,"During"
2018-03-18,6.18816875,5.4962475,-11.1813571664477,7.10753163461538,41.2744605769231,-11.9517175,6537900,NA,0.200375708187134,0.200375708187134,0,0.203605822807018,41.256984375,-0.0387613754385967,3515400,NA,0.375,0.24375,-35,0.316770833333333,43.858603125,0.69875,4280170,0.61862766849506,"During"
2018-03-19,9.068645,7.53626875,-16.8975216253365,9.68695045454546,44.6584909090909,-6.80136,6537900,NA,0.207423230994152,0.207423230994152,0,0.210653345614035,46.1490114583333,-0.0387613754385965,3515400,NA,0.41875,0.395,-5.67164179104477,0.536,59.60332625,-1.1725,4280170,NA,"During"
2018-03-20,7.04408625,4.80183625,-31.8316658885317,5.42170058333333,48.1420958333333,24.335785,6537900,15.4826687363385,0.21447075380117,0.21447075380117,0,0.217700868421053,48.19165,-0.0387613754385965,3515400,NA,1.4325,0.72875,-49.1273996509599,1.09954545454545,79.9853,3.6625,4280170,NA,"During"
2018-03-21,5.5335225,4.6785425,-15.450917566523,5.72986277777778,43.5665819444444,-1.7670625,6537900,NA,0.221518276608187,0.221518276608187,0,0.22474839122807,43.9411895833333,-0.0387613754385966,3515400,NA,0.705,0.405,-42.5531914893617,0.50625,58.2429408333333,2.98125,4280170,NA,"During"
2018-03-22,5.95344,4.905715,-17.5986488483969,5.86800572916667,42.321825,1.02521125,6537900,0.573394099014957,0.228565799415205,0.228565799415205,0,0.231795914035088,41.0357708333333,-0.0387613754385964,3515400,NA,0.45875,0.325,-29.1553133514986,0.363125,51.83449375,1.1475,4280170,1.20067171358848,"During"
2018-03-23,6.307375,5.08106375,-19.4424978695575,6.84876572916667,38.8559645833333,-6.49668875,6537900,NA,0.235613322222222,0.235613322222222,0,0.238843436842105,38.1509916666667,-0.0387613754385965,3515400,NA,0.38,0.3325,-12.5,0.353645833333333,46.808253125,0.31625,4280170,0.298817268563515,"During"
2018-03-24,7.61703125,5.86713125,-22.9735174054852,7.27926385416667,37.6908375,4.05320875,6537900,2.01887870952831,0.24266084502924,0.24266084502924,0,0.245890959649123,38.0816635416667,-0.0387613754385965,3515400,NA,0.38375,0.36375,-5.21172638436481,0.416625,44.556465,-0.32875,4280170,NA,"During"
2018-03-25,7.831395,5.39942125,-31.0541576564584,7.02006991666667,40.7101175,12.16987625,6537900,6.54732632148911,0.249708367836257,0.249708367836257,0,0.25293848245614,41.2215947916667,-0.0387613754385964,3515400,NA,0.3775,0.3325,-11.9205298013245,0.411354166666667,45.3216083333333,-0.40625,4280170,NA,"During"
2018-03-26,10.2422,8.00709625,-21.8224966315831,10.5095809722222,44.9656958333333,-2.40642875,6537900,NA,0.256755890643275,0.256755890643275,0,0.259986005263158,44.2980875,-0.0387613754385964,3515400,NA,0.3525,0.32125,-8.86524822695034,0.582946428571429,59.33635,-3.22625,4280170,NA,"During"
2018-03-27,7.9562375,6.0171675,-24.3716957921379,6.95211740384615,43.4785298076923,13.05356125,6537900,7.50031201525915,0.263803413450292,0.263803413450292,0,0.302190467202729,44.780353125,-0.46064464502924,3515400,NA,1.295,0.6875,-46.9111969111969,0.975104166666667,59.2647041666667,3.83875,4280170,NA,"During"
2018-03-28,7.19588375,6.54570375,-9.03544335329208,7.386914875,44.241466875,-1.91031125,6537900,NA,0.325282375,0.292431125,-10.0993021832185,0.3253500625,42.97428625,-0.000676874999999966,3515400,NA,0.70625,0.4925,-30.2654867256637,0.578625,53.86563875,1.27625,4280170,NA,"During"
2018-03-29,7.74816125,4.29138,-44.6142141143487,6.00024145833333,42.3521933333333,20.9750375,6537900,11.7396222131734,0.3292775,0.218247375,-33.7193172931646,0.2751033875,42.2451275,0.541741125,3515400,0.562480439880023,0.57875,0.445,-23.110151187905,0.512638888888889,50.8758305555556,0.595,4280170,NA,"During"
2018-03-30,5.60692875,2.91336875,-48.0398471266466,3.67410791666667,42.1955785416667,23.19385,6537900,12.9334759223277,0.31266175,0.207413625,-33.6619765609321,0.26247296875,42.1935125,0.602265375,3515400,0.624557705152189,0.41625,0.205,-50.7507507507508,0.353833333333333,49.2146016666667,0.93625,4280170,NA,"During"
2018-03-31,2.847495,1.66121,-41.6606526086964,2.62748875,38.56245625,2.640075,6537900,1.34541548593837,0.234311125,0.17419675,-25.655792058529,0.216564791666667,38.6642166666667,0.212956,3515400,0.202366253135894,0.25625,0.20625,-19.5121951219512,0.2285,45.23606125,0.2775,4280170,0.253396431573979,"During"
2018-04-01,2.8651525,1.3766775,-51.9509869020933,2.48171125,37.6775552083333,4.601295,6537900,NA,0.24535775,0.15781275,-35.6805521733061,0.217362580357143,37.4691839285714,0.391932375,3515400,0.360931151986159,0.2275,0.205,-9.89010989010989,0.213977272727273,44.9335852272727,0.14875,4280170,0.134921378669751,"After"
2018-04-02,3.5212375,1.62102125,-53.9644443182262,2.67618802083333,36.538996875,10.14059375,6537900,NA,0.2656045,0.17201125,-35.2378254133495,0.22353505,36.5853,0.4206945,3515400,0.378279188715207,0.20375,0.1925,-5.52147239263804,0.222166666666667,42.7111775,-0.27625,4280170,NA,"After"
2018-04-03,2.96868375,1.89635375,-36.1213955511428,2.80203489583333,37.3191822916667,1.99978625,6537900,NA,0.235885875,0.17030175,-27.8033286223688,0.216328732142857,37.4641375,0.2738,3515400,0.252108899477727,0.23,0.18625,-19.0217391304348,0.231770833333333,44.0090104166667,-0.0212499999999999,4280170,NA,"After"
2018-04-04,3.2055425,1.71676875,-46.4437376824672,2.5801321875,37.5698916666667,7.50492375,6537900,NA,0.2333645,0.16857725,-27.7622560415145,0.208556114583333,37.7055791666667,0.297700625,3515400,0.275882629404698,0.25875,0.225,-13.0434782608696,0.261944444444444,44.0916041666667,-0.0287499999999997,4280170,NA,"After"
2018-04-05,2.7962,1.9902675,-28.8224197124669,4.04772458333333,38.047003125,-15.018295,6537900,NA,0.212590375,0.170139625,-19.9683311156491,0.244382989583333,37.94450625,-0.381511375,3515400,NA,0.21125,0.1875,-11.2426035502959,0.209916666666667,43.9122666666667,0.0199999999999998,4280170,0.017728360509045,"After"
2018-04-06,6.34262625,4.24678375,-33.0437647969561,5.430814375,36.794140625,10.9417425,6537900,5.32035513795858,0.315221875,0.2504195,-20.5577024119915,0.300510425,36.78352,0.1471145,3515400,0.132998811749063,0.2125,0.21125,-0.588235294117648,0.270625,42.9736885416667,-0.6975,4280170,NA,"After"
2018-04-07,4.34853,2.39390625,-44.9490689957296,3.29134931818182,36.8761852272727,11.6289875,6537900,5.66713241646511,0.292910375,0.18780525,-35.8830324804985,0.254159943181818,36.8729625,0.42625475,3515400,0.386292483249078,0.3325,0.2125,-36.0902255639098,0.28,42.2588819444444,0.4725,4280170,0.40306263454489,"After"
2018-04-08,3.35943125,1.68687125,-49.786998915367,3.21407636363636,37.9332556818182,1.59890375,6537900,0.801526542040929,0.250730625,0.1981445,-20.9731559517311,0.244883284090909,37.9477340909091,0.0643207499999998,3515400,0.0599895967441557,0.22,0.1925,-12.5,0.216625,42.76544875,0.0337499999999999,4280170,0.0291353026994254,"After"
2018-04-09,3.67247125,2.03484125,-44.5920441174318,2.960276875,36.7012208333333,8.5463325,6537900,4.14510718499092,0.283846125,0.174665625,-38.46467870576,0.234162830357143,36.7423035714286,0.695566125,3515400,0.628121701228934,0.205,0.205,0,0.24025,42.25573375,-0.3525,4280170,NA,"After"
2018-04-10,3.0178075,1.56255,-48.2223435391422,2.41778791666667,37.3752135416667,7.200235,6537900,3.55636086607867,0.2396725,0.1536045,-35.9106697681211,0.208386854166667,37.5831677083333,0.37542775,3515400,0.346783756451299,0.2525,0.19875,-21.2871287128713,0.223229166666667,42.1713625,0.35125,4280170,0.299010672274699,"After"
2018-04-11,3.20422,1.53363375,-52.1370645586133,2.3371521875,37.85454375,10.40481375,6537900,5.20508463567537,0.23636,0.154854625,-34.4835737857506,0.205039041666667,37.7527802083333,0.3758515,3515400,0.348741974082271,0.2425,0.1825,-24.7422680412371,0.208802083333333,42.6522,0.404375,4280170,0.348159667396389,"After"
2018-04-12,2.6872575,1.5565475,-42.0767269232666,2.34008729166667,36.7248208333333,4.1660425,6537900,2.02189617520337,0.21840725,0.154385625,-29.3129577887181,0.206482916666667,36.369384375,0.143092,3515400,0.127905817486636,0.19,0.1775,-6.57894736842106,0.189464285714286,42.4448633928571,0.00750000000000001,4280170,0.00642597641649081,"After"
2018-04-13,3.09883375,1.7296825,-44.1827913485194,2.7205609375,35.111346875,4.53927375,6537900,2.10624716086301,0.23841,0.137116875,-42.4869447590286,0.207754416666667,35.2234364583333,0.367867,3515400,0.318464882325473,0.19,0.1775,-6.57894736842106,0.186923076923077,41.8571211538462,0.04,4280170,0.0337973049452925,"After"
2018-04-14,3.24409875,1.4403675,-55.6003805371214,2.8253321875,34.8075427083333,5.02519875,6537900,NA,0.250421875,0.135252125,-45.9902913832907,0.2097275625,34.57127375,0.406943125,3515400,0.34577062181396,0.18875,0.17875,-5.2980132450331,0.38625,48.0559625,-1.7775,4280170,NA,"After"
2018-04-15,3.18284375,1.68879625,-46.9406485945155,2.82991364583333,33.4683927083333,4.23516125,6537900,NA,0.293703875,0.159997625,-45.5241695398128,0.232976875,33.8576355769231,0.789451,3515400,0.656932577913057,0.29375,0.24625,-16.1702127659574,0.299270833333333,40.7113041666667,-0.06625,4280170,NA,"After"
2018-04-16,3.53102875,2.8296225,-19.8640764394796,2.99280967708333,36.0950791666667,6.458628875,6537900,NA,0.258002875,0.156258,-39.4355586153836,0.230335471153846,36.0562788461538,0.35967625,3515400,0.31873639728022,0.265,0.18,-32.0754716981132,0.234910714285714,42.4524428571429,0.42125,4280170,0.360990126613796,"After"
2018-04-17,2.8100945,2.5986625,-7.52401743073053,2.73499251041667,36.5006489583333,0.901223874999999,6537900,NA,0.24930825,0.16764225,-32.7570387261553,0.228319947916667,36.0360739583333,0.251859625,3515400,0.223066840519032,0.2075,0.18,-13.2530120481928,0.199659090909091,41.2910511363636,0.0862500000000001,4280170,0.0718898812589645,"After"
2018-04-18,3.45935875,1.95005625,-43.6295455046401,2.9554265625,32.6115145833333,6.04718625,6537900,2.60615224810913,0.252162125,0.156103625,-38.0939445208118,0.223942583333333,32.39766875,0.3386345,3515400,0.269639775319739,0.1825,0.15,-17.8082191780822,0.185288461538462,43.1450067307692,-0.0362500000000001,4280170,NA,"After"
2018-04-19,3.126375,1.5430875,-50.6429171164688,2.38871384615385,33.4356076923077,9.589595,6537900,4.23725846227033,0.241093,0.155162875,-35.64189959891,0.2195415,33.6011260416667,0.258618,3515400,0.213575570252381,0.19,0.165,-13.1578947368421,0.1875,38.5945090909091,0.0275,4280170,0.021424512017046,"After"
2018-04-20,3.04350625,1.55718625,-48.8357794566711,2.42649395833333,34.01555,7.4041475,6537900,3.32834263544092,0.2458305,0.190245916666667,-22.6109385667496,0.23713425,33.9930261363636,0.0956587500000001,3515400,0.0799196408951614,0.19125,0.1725,-9.80392156862744,0.1875,38.560978125,0.045,4280170,0.0350278336958579,"After"
2018-04-21,3.0284275,1.6627125,-45.0965063551959,2.80295534090909,32.24575,2.48019375,6537900,1.05689917830726,0.24283025,0.159529125,-34.3042619278282,0.231662895833333,32.3430958333333,0.13400825,3515400,0.106525140945187,0.20625,0.1675,-18.7878787878788,0.182142857142857,37.4135803571429,0.3375,4280170,0.254891745705027,"After"
2018-04-22,3.560875,1.6052075,-54.9209815003335,2.70615572916667,35.0582666666667,10.25663125,6537900,4.75193674471986,0.2819415,0.158593625,-43.7494568908798,0.24039128125,35.280965625,0.498602625,3515400,0.432348560937874,0.18,0.17,-5.55555555555555,0.181785714285714,39.2364802083333,-0.0214285714285715,4280170,NA,"After"
2018-04-23,3.28166375,1.1246475,-65.7293499372079,2.07306770833333,35.452034375,14.5031525,6537900,6.79483701927453,0.278925,0.152827,-45.208568611634,0.200682211538462,35.3823855769231,1.01715625,3515400,0.884532464011727,0.206785714285714,0.1875,-9.32642487046633,0.196994047619048,40.5127041666667,0.088125,4280170,0.0720681023242068,"After"
2018-04-24,3.46763375,1.98071125,-42.8800331061491,2.8481259375,34.8326239583333,7.43409375,6537900,3.42207634169903,0.265449625,0.172791625,-34.9060579761603,0.233067239583333,34.5170052083333,0.388588625,3515400,0.329656911656506,0.19,0.175,-7.89473684210527,0.192604166666667,39.3898666666667,-0.03125,4280170,NA,"After"
2018-04-25,3.520885,1.7978625,-48.9371990280853,3.41110489583333,34.1807375,1.31736125,6537900,NA,0.26275475,0.155476125,-40.8284246050738,0.25076475,34.6559011363636,0.13189,3515400,0.112338354552996,0.19,0.16,-15.7894736842105,0.180576923076923,39.1261923076923,0.1225,4280170,0.0967512083362613,"After"
2018-04-26,4.3754725,2.03415125,-53.5101351911136,3.3205446875,40.1936322916667,12.65913375,6537900,NA,0.31346175,0.1624935,-48.1616178050432,0.250977011363636,40.3578715909091,0.687332125,3515400,0.681763726969135,0.1675,0.14125,-15.6716417910448,0.203229166666667,44.478015625,-0.42875,4280170,NA,"After"
2018-04-27,2.88198,1.62730875,-43.5350436158474,2.39912625,38.4368511363636,5.31139125,6537900,NA,0.2418955,0.15267325,-36.8846257991571,0.204593770833333,38.7763322916667,0.44762075,3515400,0.426595169097267,0.185,0.18125,-2.02702702702703,0.191805555555556,44.2096,-0.06125,4280170,NA,"After"
2018-04-28,2.42663625,1.371675,-43.4742228053339,2.12765614583333,43.8305697916667,3.58776125,6537900,2.07814630940307,0.216206625,0.137740875,-36.2920192662921,0.180216471153846,43.3982067307692,0.467872,3515400,0.499042845580054,0.1975,0.17,-13.9240506329114,0.2021875,46.5044354166667,-0.05625,4280170,NA,"After"
2018-04-29,2.8656025,1.3908575,-51.4636974248871,2.4484359375,37.22775,5.00599875,6537900,2.46282183040472,0.231477375,0.15096225,-34.7831510530997,0.209046,36.628425,0.246745125,3515400,0.222129285534332,0.2075,0.175,-15.6626506024097,0.190865384615385,43.7794096153846,0.21625,4280170,0.191107944136295,"After"
2018-04-30,3.09931125,1.4126525,-54.4204377666167,2.02061739583333,38.1716427083333,12.94432625,6537900,6.52973820281507,0.258797,0.153608625,-40.6451291939242,0.204299615384615,38.3284278846154,0.708466,3515400,0.667388952127851,0.18875,0.1725,-8.6092715231788,0.188392857142857,42.1515866071429,0.00499999999999998,4280170,0.00425438368435965,"After"
2018-05-01,2.35464875,1.264675,-46.2902906431373,2.02881802083333,38.5713166666667,3.90996875,6537900,1.99302717065801,0.219034625,0.143958375,-34.2759734904927,0.19089696875,38.21588125,0.337651875,3515400,0.317140742459966,0.1875,0.165,-12,0.183295454545455,42.9256818181818,0.04625,4280170,0.0400757503896935,"After"
2018-05-02,2.633425,1.8052825,-31.4473546806915,2.40349854166667,40.51145625,2.7591175,6537900,1.4771463292011,0.22564425,0.152985875,-32.2004106020871,0.205190760416667,41.6168447916667,0.245441875,3515400,0.251048022543795,0.1875,0.17,-9.33333333333333,0.182980769230769,45.5846048076923,0.05875,4280170,0.0540603419966605,"After"
2018-05-03,6.525095,1.30785375,-79.9565561880708,3.00047991666667,84.2908375,52.86922625,6537900,58.892337506253,0.337322125,0.132194875,-60.8104938269317,0.215499759615385,90.6355211538462,1.58369075,3515400,3.52783131115884,0.2125,0.18875,-11.1764705882353,0.277638888888889,79.6016736111111,-0.58625,4280170,NA,"After"
2018-05-04,2.37218,2.37218,0,3.00131444444444,205.822125,-5.66221,6537900,NA,0.634584,0.4407545,-30.5443408595237,1.02057951162791,205.675305555556,-3.47395960465116,3515400,NA,0.33125,0.1925,-41.8867924528302,0.985416666666667,224.374041666667,-9.8125,4280170,NA,"After"
2018-05-05,2.7993475,2.51916125,-10.0089842365051,2.68086604166667,124.162326041667,1.4217775,6537900,2.33290442049958,1.72917513953488,1.32846679844961,-23.1733808752915,1.52882096899225,124.161096875,2.40425004651163,3515400,7.33675755297458,1.78125,1.32375,-25.6842105263158,1.58125,154.029638888889,1.8,4280170,5.59666775852361,"After"
2018-05-06,2.50163,1.903895,-23.893821228559,2.49433840909091,83.2111670454545,0.0802075000000002,6537900,0.0882007061014965,1.29203876744186,0.964186488372093,-25.374802005275,1.13308008668076,83.2111670454545,1.74854548837209,3515400,3.57600026345944,1.3075,1.11125,-15.0095602294455,1.21673076923077,96.4595326923077,1.18,4280170,2.29762889722749,"After"
2018-05-07,2.69518375,1.50517375,-44.1532047675785,1.91529822916667,87.211321875,9.35862625,6537900,10.7860006361957,0.927758457364341,0.313656375,-66.1920220171247,0.682831517026578,91.2964044642857,3.42897716472868,3515400,7.6940899816865,1.29,0.92375,-28.3914728682171,1.205625,87.436953125,0.675,4280170,1.19138331100167,"After"
2018-05-08,2.2493875,1.989825,-11.5392523520292,2.62308045454545,132.345590909091,-4.1106225,6537900,NA,1.4212775,1.26223625,-11.1900209494627,1.6794075,135.6816625,-2.5813,3515400,NA,0.53125,0.41125,-22.5882352941176,1.18857142857143,129.6479375,-9.2025,4280170,NA,"After"
2018-05-09,3.5415975,2.87959375,-18.6922356366018,3.23145114583333,116.699166666667,3.72175625,6537900,5.73972585869316,2.48666,2.1271125,-14.4590535095268,2.25650990384615,116.157442307692,2.99195125,3515400,8.54162592219485,2.1525,2.1525,0,2.32805555555556,120.11825,-1.58,4280170,NA,"After"
2018-05-10,3.36025125,2.54172375,-24.3591160036024,2.95522885416667,114.214052083333,4.86026875,6537900,7.33593193170428,2.1540425,1.8125675,-15.8527512804413,2.014236375,112.826525,1.39806125,3515400,3.87682685283334,2.2325,2.0975,-6.04703247480402,2.1775,115.025208333333,0.659999999999999,4280170,1.53246190688687,"After"
2018-05-11,3.0562625,2.21013,-27.685203741498,2.69195769230769,100.451159615385,4.7359625,6537900,6.28693077620121,1.760675,1.4767925,-16.123503769861,1.628324375,100.577772916667,1.5882075,3515400,3.92598152453571,2.10375,1.785,-15.1515151515152,1.90982142857143,103.300699107143,2.715,4280170,5.66142578303132,"After"
2018-05-12,2.49386,1.94369875,-22.0606309095138,2.28036104166667,91.9219333333333,2.5619875,6537900,3.1122295747552,1.62345375,1.43774,-11.4394235129889,1.53662197916667,93.067875,1.04198125,3515400,2.38340966457373,1.8725,1.71375,-8.47797062750335,1.78865384615385,93.8048490384615,1.09,4280170,2.06397537084886,"After"
2018-05-13,2.4363875,1.81085,-25.6747951629205,2.12793806818182,81.5909954545454,3.39294375,6537900,3.65842672087956,1.524155,1.252085,-17.8505466963662,1.38705278846154,81.85325,1.78232875,3515400,3.585607391851,1.8275,1.6325,-10.6703146374829,1.73965909090909,82.8588113636364,0.966250000000001,4280170,1.61614725767477,"After"
2018-05-14,2.3139975,1.7622,-23.8460715709503,2.08956791666667,79.676390625,2.693155,6537900,2.83574039831953,1.2980325,1.11679,-13.9628630253865,1.19648636363636,79.5187170454546,1.1170075,3515400,2.18305384528788,1.67,1.445,-13.4730538922156,1.55384615384615,79.2870423076923,1.51,4280170,2.41675089719118,"After"
2018-05-15,2.246185,1.926095,-14.2503845408993,2.307154375,77.0718375,-0.731632499999999,6537900,NA,1.11589,0.966757625,-13.3644333222809,1.03159925,77.0271413461538,1.09577975,3515400,2.07446468049163,1.46625,1.3625,-7.07587382779199,1.413375,76.48723625,0.528750000000001,4280170,0.816379466433578,"After"
2018-05-16,2.5871175,1.88237625,-27.2404036538735,2.33462739583333,75.6501114583333,3.02988125,6537900,3.02907933874125,0.970809125,0.78433325,-19.2082944214188,0.864863791666667,74.8138770833333,1.271344,3515400,2.33767554523216,1.375,1.17,-14.9090909090909,1.278125,75.266653125,1.1625,4280170,1.76623420094879,"After"
2018-05-17,2.50364375,1.82096625,-27.2673578259687,2.34362802083333,54.346134375,1.92018875,6537900,1.37907551598516,0.897709875,0.71147625,-20.7454134332654,0.786397375,53.2452397727273,1.2244375,3515400,1.60234637847542,1.18875,0.9225,-22.397476340694,1.07613636363636,61.061325,1.23875,4280170,1.52687194482929,"After"
2018-05-18,2.4496625,1.555365,-36.5069677965842,2.137398125,45.430759375,3.7471725,6537900,2.24972353274105,0.74791975,0.279422875,-62.639992459084,0.489108333333333,45.430759375,3.105737,3515400,3.46779699733418,0.85125,0.6275,-26.2848751835536,0.77171875,50.926003125,0.954374999999999,4280170,0.981095696124511,"After"
2018-05-19,2.22973125,1.57368125,-29.4228284238291,2.17871681818182,43.4131965909091,0.56115875,6537900,0.321945955038229,0.293868875,0.170136875,-42.1044930328195,0.208233477272727,43.4131965909091,0.941989375,3515400,1.0050941916663,0.52125,0.21125,-59.4724220623501,0.308977272727273,48.7081079545455,2.335,4280170,2.2958360371625,"After"
2018-05-20,2.378615,1.22160125,-48.642329675042,1.8503846875,46.1150822916667,6.33876375,6537900,3.86298500638282,0.17560325,0.132457875,-24.5698043743496,0.157674413461538,46.9160317307692,0.233074875,3515400,0.268754488015854,0.2325,0.195,-16.1290322580645,0.209583333333333,49.8110104166667,0.275,4280170,0.276509953459793,"After"
2018-05-21,2.12473625,1.05489875,-50.3515436327685,1.46043864583333,64.118378125,7.97157125,6537900,6.75463567482536,0.16498775,0.136028875,-17.5521364464938,0.146866708333333,65.0224510416667,0.2174525,3515400,0.347509543106311,0.20125,0.19625,-2.48447204968944,0.215454545454545,60.9873159090909,-0.15625,4280170,NA,"After"
2018-05-22,1.54960375,1.0482725,-32.3522223019917,1.32601,66.0666298076923,2.90671875,6537900,2.5378189392953,0.143956125,0.136342375,-5.28893786214376,0.150265480769231,65.7317288461538,-0.0820216250000001,3515400,NA,0.22,0.195,-11.3636363636364,0.232604166666667,66.323259375,-0.15125,4280170,NA,"After"
2018-05-23,1.3967875,0.986522375,-29.3720501507924,1.25524763636364,58.5498034090909,1.5569385,6537900,1.20468185249268,0.142245875,0.1375875,-3.27487528197214,0.152160979166667,57.9756875,-0.11898125,3515400,NA,0.23625,0.21,-11.1111111111111,0.233333333333333,61.0728645833333,0.0350000000000001,4280170,0.0431488334575497,"After"
2018-05-24,1.37002375,0.729497875,-46.7529030062435,1.19727664583333,55.1926802083333,2.07296525,6537900,1.51199019595083,0.149712875,0.13742925,-8.20478866630542,0.14908375,55.1985822916667,0.00754949999999996,3515400,0.0102420079142473,0.24,0.21125,-11.9791666666667,0.225416666666667,57.164546875,0.175,4280170,0.201937761525827,"After"
2018-05-25,1.46434125,1.03364,-29.4126283747043,1.47775454166667,57.5937114583333,-0.160959500000001,6537900,NA,0.149558125,0.14022775,-6.23862795819351,0.155993909090909,57.5925045454545,-0.0707936250000001,3515400,NA,0.225,0.20125,-10.5555555555556,0.223125,57.7367854166667,0.0225,4280170,0.0262233301130562,"After"
2018-05-26,1.58466875,0.898765875,-43.2836752160349,1.36354691666667,54.6853510416667,2.653462,6537900,1.91760584923453,0.160464,0.152360375,-5.05012027619903,0.169652965909091,54.4615795454545,-0.101078625,3515400,NA,0.22125,0.21125,-4.51977401129943,0.237788461538462,57.0066278846154,-0.215,4280170,NA,"After"
2018-05-27,1.6069525,0.805283125,-49.8875589041991,1.33649151041667,52.1781302083333,3.245531875,6537900,2.23794732315355,0.172947375,0.15890975,-8.11670313007062,0.170008605769231,52.1587307692308,0.0382039999999999,3515400,0.0489750451688525,0.25125,0.22625,-9.95024875621891,0.247159090909091,53.1229659090909,0.0450000000000002,4280170,0.0482555813097485,"After"
2018-05-28,1.45224,0.7443215,-48.7466603316256,1.28205609375,49.809540625,2.042206875,6537900,1.344273815254,0.1723235,0.16108725,-6.52043975429933,0.174677239583333,49.575040625,-0.0282448750000001,3515400,NA,0.25,0.21125,-15.5,0.2346875,51.8020416666667,0.18375,4280170,0.19214405350722,"After"
2018-05-29,1.49838875,0.789543625,-47.3071574382816,1.29895383333333,49.672390625,2.393219,6537900,1.57098838147669,0.192658125,0.16670225,-13.4725047282589,0.17993584375,49.8272479166667,0.152667375,3515400,0.186961478166801,0.24125,0.21625,-10.3626943005181,0.243541666666667,49.9319729166667,-0.0274999999999999,4280170,NA,"After"
2018-05-30,1.52266,0.873122,-42.6581114628348,1.33326691666667,50.53663125,2.272717,6537900,1.51784392960155,0.19156175,0.16202275,-15.4200929987328,0.176666614583333,50.8743697916667,0.178741625,3515400,0.223492903899562,0.26125,0.225,-13.8755980861244,0.2440625,50.044040625,0.20625,4280170,0.208352659809657,"After"
2018-05-31,1.3832175,0.334100696319018,-75.8461199110755,1.26174915933223,53.981625,1.57908842868098,6537900,1.12649138286982,0.179670875,0.149721638011696,-16.6689436940206,0.179002344834308,53.8977864583333,0.00802236198830425,3515400,0.0106270366411569,0.25625,0.22875,-10.7317073170732,0.270375,51.7383325,-0.14125,4280170,NA,"After"
NA,NA,2.76722875,NA,2.781146875,56.735375,NA,6537900,NA,NA,0.485955,NA,0.485955,63.5889125,NA,3515400,NA,NA,0.8525,NA,0.884285714285714,68.8603785714286,NA,4280170,NA,"During"
2018-02-01,NA,NA,NA,NA,NA,NA,NA,NA,0.485955,0.485955,0,0.485955,66.9515385416667,0,3515400,NA,0.895,0.755,-15.6424581005587,0.821770833333333,75.5498229166667,0.87875,4280170,1.3401441426684,"During"
2018-02-02,NA,NA,NA,NA,NA,NA,NA,NA,0.485955,0.485955,0,0.485955,66.9072708333333,0,3515400,NA,0.83875,0.79875,-4.76900149031296,0.839791666666667,74.827153125,-0.0125000000000002,4280170,NA,"During"
2018-02-03,NA,NA,NA,NA,NA,NA,NA,NA,0.485955,0.485955,0,0.485955,70.356915625,0,3515400,NA,0.88625,0.7125,-19.605077574048,0.791931818181818,78.6209522727273,1.0375,4280170,1.64656594521416,"During"
2018-02-04,NA,NA,NA,NA,NA,NA,NA,NA,0.485955,0.485955,0,0.485955,85.1627729166667,0,3515400,NA,0.795,0.71125,-10.5345911949686,0.755227272727273,96.9239068181818,0.4375,4280170,0.855976206021554,"During"
2018-02-05,NA,NA,NA,NA,NA,NA,NA,NA,0.485955,0.485955,0,0.485955,82.3281322916667,0,3515400,NA,0.72,0.615,-14.5833333333333,0.669895833333333,83.5193208333333,0.60125,4280170,1.01366573726044,"During"
2018-02-06,NA,NA,NA,NA,NA,NA,NA,NA,0.485955,0.485955,0,0.485955,71.5235145833333,0,3515400,NA,0.6825,0.675,-1.09890109890109,0.712019230769231,72.1170788461538,-0.38375,4280170,NA,"During"
2018-02-07,NA,NA,NA,NA,NA,NA,NA,NA,0.485955,0.485955,0,0.485955,59.9136291666667,0,3515400,NA,0.83625,0.77625,-7.17488789237669,0.840192307692308,73.9449634615385,-0.0512499999999996,4280170,NA,"During"
2018-02-08,NA,NA,NA,NA,NA,NA,NA,NA,0.485955,0.485955,0,0.485955,81.5346822916667,0,3515400,NA,0.93875,0.805,-14.2476697736351,0.901477272727273,80.4808556818182,0.41,4280170,0.666084251717274,"During"
2018-02-09,NA,NA,NA,NA,NA,NA,NA,NA,0.485955,0.485955,0,0.485955,97.1402239583333,0,3515400,NA,0.91,0.73875,-18.8186813186813,0.809711538461539,94.8408548076923,1.30375,4280170,2.49598806798741,"During"
2018-02-10,NA,NA,NA,NA,NA,NA,NA,NA,0.485955,0.485955,0,0.499734741666667,81.5510025,-0.206696125,3515400,NA,0.84375,0.805,-4.59259259259259,0.837291666666667,75.0085510416667,0.0774999999999998,4280170,0.11734516567683,"During"
2018-02-11,NA,NA,NA,NA,NA,NA,NA,NA,0.534125125,0.387807,-27.3939790793403,0.500901927083333,70.4786,0.398678375,3515400,0.69058786409278,0.935,0.8075,-13.6363636363636,0.864545454545455,72.4845693181818,0.774999999999999,4280170,1.1339658848937,"During"
2018-02-12,NA,NA,NA,NA,NA,NA,NA,NA,0.488085875,0.351256375,-28.0338987478382,0.54717846875,69.55239375,-0.709111125,3515400,NA,0.90875,0.755,-16.9188445667125,0.8334375,70.4572145833333,0.903749999999999,4280170,1.28536510080791,"During"
2018-02-13,NA,NA,NA,NA,NA,NA,NA,NA,0.563398875,0.27385675,-51.3920310898739,0.490021802083333,71.2197010416667,0.880524875,3515400,1.54127725609219,0.985,0.79625,-19.1624365482233,0.8640625,70.7167885416667,1.45125,4280170,2.07165525707215,"During"
2018-02-14,NA,NA,NA,NA,NA,NA,NA,NA,0.451815625,0.07828278125,-82.6737330631272,0.447665161458333,74.8713947916667,0.0498055625,3515400,0.0916500628634969,0.95875,0.8175,-14.7327249022164,0.866057692307692,72.7932346153846,1.205,4280170,1.77064211054162,"During"
2018-02-15,NA,NA,NA,NA,NA,NA,NA,NA,0.4771185,0.4771185,0,0.534358283564815,74.0830854166667,-0.686877402777778,3515400,NA,0.92875,0.885,-4.7106325706595,0.9165625,77.1750739583333,0.146250000000001,4280170,0.227837734140818,"During"
2018-02-16,NA,NA,NA,NA,NA,NA,NA,NA,0.629875805555556,0.629875805555556,0,0.673754090972222,65.2144675,-0.438782854166667,3515400,NA,0.99375,0.82375,-17.1069182389937,0.916041666666667,69.564940625,0.9325,4280170,1.30945923556191,"During"
2018-02-17,NA,NA,NA,NA,NA,NA,NA,NA,0.6728525,0.606298375,-9.891339483765,0.702518284090909,59.6197375,-0.326323625,3515400,NA,0.925,0.82625,-10.6756756756757,0.885833333333333,61.98430625,0.47,4280170,0.588074470920548,"During"
2018-02-18,NA,NA,NA,NA,NA,NA,NA,NA,0.783293,0.65536025,-16.3326813848713,0.713037163461538,58.0004269230769,0.913325875,3515400,1.30195491661795,0.94625,0.85,-10.1717305151916,0.918854166666667,59.7396114583333,0.32875,4280170,0.396443114143247,"During"
2018-02-19,NA,NA,NA,NA,NA,NA,NA,NA,0.706132375,0.557946125,-20.9856190207962,0.658499708333333,55.9684614583333,0.571592000000001,3515400,0.786264204531901,0.93375,0.8025,-14.0562248995984,0.873541666666667,59.6157104166667,0.722499999999999,4280170,0.869463387447227,"During"
